	X1	X2	X3	X4	X5	X6	X7	X8	X9	X10	X11	X12	X13	X14	X15	X16	X17	X18	X19	X20	X21	X22	X23	X24	X25	X26	X27	X28	X29	X30	X31	X32	X33	X34	X35	X36	X37	X38	X39	X40	X41	X42	X43	X44	X45	X46	X47	X48	X49	X50	X51	X52	X53	X54	X55	X56	X57	X58	X59	X60	X61	X62	X63	X64	X65	X66	X67	X68	X69	X70	X71	X72	X73	X74	X75	X76	X77	X78	X79	X80	X81	X82	X83	X84	X85	X86	X87	X88	X89	X90	X91	X92	X93	X94	X95	X96	X97	X98	X99	X100
1	1	0	0	1	0	1	1	1	0	0	0	0	0	0	0	0	0	0	1	1	1	0	0	0	0	0	0	0	0	0	0	0	0	0	0	0	0	0	0	0	0	1	0	0	1	0	0	1	0	0	1	1	0	0	0	0	1	0	1	0	0	1	0	0	0	0	0	0	0	0	1	1	1	0	0	0	0	0	0	0	0	0	0	1	0	1	0	0	0	1	0	0	0	1	1	0	0	0	0	1
2	0	0	0	1	1	0	0	0	1	0	0	0	0	0	0	1	0	0	0	0	1	0	0	0	1	0	0	1	1	0	0	1	0	0	0	0	1	1	1	1	1	1	1	1	0	0	0	0	0	0	0	1	0	1	1	1	1	0	1	0	0	0	0	0	0	0	1	0	0	0	1	1	0	0	1	0	0	1	1	0	1	0	1	1	0	0	0	1	0	0	0	1	0	0	1	1	1	0	0	1
3	0	0	1	0	0	0	0	0	1	1	0	1	0	1	0	0	0	0	0	0	0	0	0	1	1	1	0	0	0	0	0	1	0	1	1	0	0	0	1	1	0	1	0	0	0	1	0	0	0	1	0	0	0	1	0	0	0	0	0	0	0	1	0	0	0	0	1	1	0	1	0	0	1	1	0	1	1	1	1	0	0	0	0	1	0	0	0	0	0	0	1	1	1	0	0	1	0	0	1	1
4	0	1	1	0	0	0	0	0	0	0	1	1	1	0	0	1	0	0	0	1	0	0	1	1	0	0	1	1	0	1	0	1	1	1	0	0	0	0	0	0	1	1	0	0	0	1	0	1	0	0	0	0	0	1	0	1	0	0	0	0	0	1	1	0	0	0	0	0	0	0	0	0	0	0	0	0	0	1	1	0	1	1	0	0	0	0	0	0	0	0	1	0	0	1	1	0	0	1	0	0
5	0	0	1	1	0	0	1	0	1	0	0	0	0	0	0	0	0	0	0	0	0	1	0	1	0	1	0	0	0	1	0	0	0	0	0	0	1	0	0	0	1	0	0	0	0	1	0	0	0	0	1	1	0	0	1	0	0	0	0	1	0	0	0	1	0	0	0	0	0	0	0	0	0	1	1	0	0	1	1	0	1	0	0	0	0	1	0	0	0	0	1	0	0	0	0	0	1	1	1	1
6	1	0	0	1	0	1	1	0	0	0	1	1	0	0	0	0	0	1	0	1	0	0	0	0	0	1	0	0	0	0	0	0	1	0	0	1	1	0	1	1	1	0	0	1	1	0	1	0	0	0	0	1	1	0	0	0	1	1	1	0	0	0	1	0	0	0	0	1	0	1	1	0	0	0	0	0	1	0	0	0	0	0	0	1	1	1	0	0	0	0	0	0	0	0	0	0	0	0	0	0
7	1	0	0	1	0	0	0	1	0	0	1	0	0	0	0	0	0	0	0	1	1	0	0	0	0	0	0	0	0	0	0	1	0	1	0	0	0	0	0	0	0	0	0	0	1	0	0	0	0	0	0	0	1	1	0	0	0	0	1	0	1	0	0	0	1	1	1	0	0	0	0	0	0	1	1	1	0	0	0	0	1	1	0	0	1	1	0	0	0	1	0	0	0	0	0	0	1	0	1	0
8	0	0	0	1	1	0	1	1	0	1	0	0	1	0	1	1	0	1	1	0	0	1	1	0	1	0	0	1	0	1	0	0	1	0	1	0	0	0	0	0	0	0	1	0	0	1	1	0	0	1	0	1	1	0	0	0	0	0	1	0	0	0	1	1	0	1	1	0	1	1	1	0	0	0	0	0	0	1	0	0	1	0	0	1	1	0	0	1	0	0	1	0	0	0	0	0	1	0	0	0
9	0	0	0	1	0	1	1	1	1	1	1	0	0	0	1	0	0	0	0	0	0	0	0	0	1	0	0	0	1	0	0	0	1	0	1	1	0	0	0	0	0	0	1	0	0	0	1	1	1	1	0	1	0	0	0	0	0	1	0	1	0	0	0	0	0	0	0	0	1	1	1	1	0	0	1	0	1	1	1	1	0	1	0	0	1	0	0	0	0	0	0	0	1	0	1	0	0	0	0	0
10	0	0	0	0	0	1	1	0	0	0	1	0	1	0	0	0	0	1	0	0	1	1	0	1	0	1	1	0	0	0	0	1	0	0	1	0	1	0	1	0	0	1	0	0	0	0	0	0	1	0	0	1	0	0	1	0	1	0	1	0	0	0	0	0	1	1	1	1	1	1	0	0	0	1	0	0	0	0	0	0	0	0	0	1	0	0	0	0	0	0	0	0	0	0	0	1	0	0	0	0
11	0	1	0	0	0	1	0	1	0	0	0	0	0	1	0	0	0	1	0	1	1	1	0	1	0	1	1	0	0	1	0	0	0	0	1	0	0	1	0	1	1	0	1	1	0	0	0	1	0	0	1	1	0	0	0	0	1	0	0	0	0	0	0	1	1	0	1	0	0	0	0	1	1	0	1	0	0	0	0	1	0	0	1	0	1	0	0	1	1	1	1	0	0	0	0	1	1	1	0	0
12	0	0	1	0	0	0	0	0	0	1	1	0	0	1	0	0	0	0	1	1	1	0	1	1	0	1	0	1	0	1	0	0	0	0	1	0	0	1	0	1	1	0	0	1	1	0	0	1	0	1	0	0	0	0	0	0	1	0	0	0	0	0	0	0	0	1	0	1	0	0	0	0	0	0	1	1	0	0	0	0	0	1	1	0	0	0	1	0	1	0	1	1	0	0	1	1	0	0	1	0
13	0	1	1	0	1	0	0	0	1	0	1	1	0	1	0	1	0	0	1	1	0	1	0	0	0	0	0	1	0	0	1	0	0	0	0	0	0	0	0	1	0	0	1	0	0	0	0	0	0	0	1	0	1	0	0	0	0	1	1	0	1	0	0	1	1	0	0	1	1	0	0	0	0	0	0	0	1	1	0	0	0	0	0	0	0	1	0	0	1	1	1	0	0	0	0	1	1	0	1	0
14	1	0	0	0	0	0	1	1	1	1	0	0	0	1	1	0	0	0	0	0	1	0	0	0	0	0	0	0	0	0	0	0	1	0	0	0	0	0	1	1	0	0	1	0	0	0	1	0	1	0	0	1	0	0	1	1	0	0	0	0	0	0	0	1	1	0	0	0	1	1	0	0	1	0	0	0	0	1	1	1	1	0	0	0	0	0	1	0	0	1	0	0	1	0	1	1	0	0	0	1
15	0	1	0	0	0	1	1	1	0	0	1	1	0	0	1	0	1	0	0	1	0	0	1	0	0	0	0	1	1	0	0	1	1	1	1	0	0	0	0	0	0	1	1	0	0	1	0	0	1	0	0	1	1	0	0	1	0	0	0	0	0	0	0	0	0	1	1	0	0	1	1	0	0	0	0	0	0	0	0	0	0	0	0	1	1	0	0	1	0	0	0	0	0	0	0	1	0	0	0	0
16	0	0	0	0	0	0	1	0	1	0	1	0	1	0	1	1	1	0	1	0	0	0	0	0	0	0	1	0	0	1	1	0	0	1	0	0	0	0	1	0	0	0	1	1	1	1	1	1	0	1	0	1	0	0	0	0	0	0	0	0	1	0	0	0	1	1	0	0	0	0	0	0	0	0	0	0	0	0	1	0	0	0	0	0	0	1	0	0	0	0	0	0	0	1	1	0	1	0	1	1
17	1	0	1	0	1	0	1	0	0	0	1	0	0	0	1	0	0	0	1	1	0	0	1	0	0	0	0	0	1	0	0	1	0	0	0	1	0	0	1	0	1	0	0	0	1	1	0	1	1	0	0	0	0	0	1	1	1	0	0	0	0	0	1	1	0	1	0	1	1	1	0	1	1	1	1	1	0	0	0	1	0	0	1	1	1	0	1	0	0	0	0	0	0	0	0	0	0	0	0	0
18	0	1	0	0	1	0	1	0	0	1	0	0	1	0	1	1	0	1	1	1	0	1	0	1	0	0	0	0	0	0	0	0	0	0	1	0	0	1	0	0	1	0	0	0	0	0	0	1	0	0	0	0	1	1	1	0	0	0	0	1	0	1	0	0	0	1	0	0	0	1	1	1	0	1	0	1	0	1	0	0	0	0	0	1	0	0	0	1	1	0	1	0	1	1	1	0	0	0	0	0
19	1	1	1	0	1	0	0	0	1	0	0	0	0	1	0	0	1	0	0	0	0	1	0	1	0	0	0	0	0	0	0	0	0	0	0	0	0	0	1	1	1	0	0	1	0	0	1	0	0	0	1	0	0	0	0	0	1	0	1	0	0	1	0	0	1	0	0	1	1	0	0	1	1	1	0	0	1	1	0	0	1	0	0	1	1	1	0	0	0	1	1	0	0	1	0	1	1	0	1	0
20	1	1	1	1	0	1	0	0	0	0	0	1	0	0	0	0	0	0	0	0	0	0	0	1	0	0	0	1	1	0	0	0	1	1	0	0	0	0	1	0	1	0	0	0	0	0	0	1	0	0	0	1	0	0	0	0	0	0	0	1	1	1	0	0	0	0	1	0	0	0	0	1	1	0	1	0	0	0	0	0	1	1	0	0	0	0	0	1	0	1	0	1	0	0	0	0	0	0	1	0
21	0	0	0	0	0	0	0	0	1	0	0	1	0	0	1	0	0	0	0	0	1	0	1	0	1	1	0	1	0	0	0	1	1	0	0	0	0	0	0	0	1	1	0	0	1	0	0	0	1	0	1	1	0	0	0	1	0	0	1	0	0	0	1	1	1	0	0	1	1	0	0	0	1	0	0	0	1	1	0	0	0	1	1	1	1	1	0	0	0	0	1	1	1	0	1	0	0	0	0	0
22	0	1	0	0	1	1	0	1	0	0	0	0	1	1	0	0	0	0	1	0	0	0	0	0	1	0	1	1	0	0	0	0	0	0	0	1	0	1	0	0	1	0	0	0	0	0	0	1	0	0	1	1	1	1	0	0	0	0	0	1	0	0	0	0	1	0	1	0	1	1	0	0	0	0	0	0	1	0	0	1	0	0	0	1	0	1	1	0	1	1	1	0	1	0	1	1	0	0	0	0
23	0	1	0	0	0	1	1	0	0	0	1	0	0	0	1	0	0	1	0	1	0	0	1	0	0	0	0	0	0	0	0	0	1	0	1	0	0	0	1	0	0	1	0	0	0	0	1	0	0	0	1	1	0	0	0	1	0	0	1	1	1	0	1	0	1	0	0	1	1	1	0	0	1	0	1	0	0	0	1	0	0	0	1	0	1	0	1	0	0	0	0	0	1	0	0	0	0	1	0	0
24	0	0	0	0	1	1	1	0	0	0	0	0	0	0	1	0	1	0	0	0	0	0	0	1	0	0	0	0	1	1	0	1	0	0	0	1	0	1	0	1	1	0	0	0	1	0	0	0	1	0	0	1	0	1	0	0	0	0	1	0	0	0	0	1	0	0	0	0	0	1	0	1	1	0	0	0	1	1	0	1	0	1	1	0	0	0	0	0	0	0	0	0	0	1	0	0	0	0	1	0
25	0	1	1	0	0	0	0	0	0	0	0	1	1	0	1	0	1	0	0	0	0	0	0	0	0	0	0	1	0	0	0	0	1	1	0	0	0	0	0	0	0	0	0	1	0	1	0	1	1	0	0	0	0	0	1	1	1	0	0	0	0	0	1	0	1	1	0	0	1	1	0	0	0	1	0	1	1	1	1	0	1	0	1	0	0	1	0	0	1	0	1	0	0	1	1	1	1	1	0	0
26	1	0	0	1	1	0	1	0	1	0	1	1	0	0	0	0	0	0	0	0	0	0	1	0	1	1	0	0	0	0	0	0	1	1	0	1	0	1	0	0	0	0	1	0	1	0	0	1	0	0	0	1	0	1	0	1	1	0	0	0	1	0	0	1	1	0	0	0	1	0	0	0	0	0	0	1	1	1	1	1	0	0	1	0	1	0	0	1	0	0	0	0	1	0	0	1	0	0	1	0
27	0	0	0	0	0	0	0	1	1	0	0	0	0	0	1	0	0	1	1	1	0	0	0	0	0	0	0	0	0	0	0	0	0	1	0	1	0	0	0	1	0	0	0	1	1	0	0	1	0	0	0	1	0	0	0	0	1	0	1	0	1	1	1	0	1	0	0	1	0	1	0	0	0	0	0	0	0	1	0	0	0	0	1	1	0	0	0	1	0	0	0	1	0	0	0	1	0	0	0	1
28	1	1	0	1	1	1	0	0	1	1	1	0	0	0	0	0	0	1	1	0	0	0	1	0	1	0	1	1	1	0	0	1	1	0	0	0	0	0	0	0	0	0	1	0	0	0	0	0	0	1	0	0	0	0	0	0	0	1	0	0	1	0	0	0	0	0	1	1	0	1	0	1	1	1	0	0	0	0	1	0	0	0	0	1	0	0	1	0	1	0	1	0	0	0	1	0	0	1	1	0
29	1	1	1	1	1	0	0	1	0	0	1	1	0	1	1	0	0	0	0	0	0	1	0	0	0	0	0	1	0	0	0	0	0	1	1	1	0	0	0	0	0	1	0	1	0	0	0	0	1	0	0	1	1	1	0	0	0	1	0	0	1	0	0	0	1	0	0	0	0	0	0	0	1	1	0	0	0	0	0	0	0	0	0	1	0	1	0	0	0	0	0	0	1	0	1	0	1	1	0	0
30	1	1	0	1	0	1	0	0	1	0	1	1	1	0	0	1	0	0	0	0	1	0	0	0	0	1	0	1	0	0	0	0	1	1	0	0	0	0	0	0	1	1	1	0	0	0	0	0	0	0	0	0	1	0	0	1	0	0	0	1	0	0	1	1	0	0	0	0	0	1	0	0	0	0	0	0	0	0	0	1	0	0	1	0	0	0	1	0	0	0	0	0	1	1	0	0	0	0	1	0
31	0	0	0	0	1	0	0	1	1	0	0	1	0	0	1	0	1	0	0	1	0	1	1	1	1	0	1	0	0	1	0	0	0	1	1	1	0	1	0	1	0	0	0	0	0	0	0	0	0	1	1	0	0	0	0	0	0	0	0	1	0	1	0	1	0	1	0	0	0	0	1	0	0	0	0	1	1	1	0	0	0	0	1	1	0	0	0	1	1	1	0	1	0	0	1	0	0	0	1	0
32	1	0	1	0	0	1	0	0	0	1	0	0	0	0	1	0	1	0	0	0	0	0	0	0	0	0	0	1	0	1	0	1	0	0	0	1	0	1	1	0	0	0	1	0	0	0	0	0	0	0	0	0	1	1	0	0	0	0	0	1	0	0	0	1	0	1	1	0	0	1	0	0	0	1	0	0	0	0	1	0	1	1	1	0	0	0	0	0	0	0	0	1	0	0	1	0	0	1	1	1
33	0	0	0	0	0	1	0	1	0	1	1	1	0	0	0	0	1	1	0	0	0	0	1	0	0	1	0	0	0	0	1	0	0	0	0	0	0	0	1	1	0	1	1	0	0	0	1	0	0	1	1	0	0	0	0	1	1	0	0	0	0	1	1	1	0	0	1	0	1	1	0	0	0	1	0	1	0	0	1	1	1	1	0	1	1	0	0	0	0	0	0	0	0	1	0	1	0	0	1	0
34	0	1	0	1	1	1	0	0	0	1	0	1	0	0	0	0	1	1	1	0	0	1	0	0	1	0	0	1	0	1	0	0	1	0	1	0	0	0	1	0	0	1	1	0	0	0	1	1	0	1	1	0	1	1	0	0	0	0	0	1	0	0	0	0	0	1	0	0	1	0	1	0	1	0	1	0	0	0	0	0	0	0	1	1	0	0	0	1	0	0	1	1	1	1	0	0	0	0	0	1
35	1	1	1	0	0	1	0	1	1	0	0	0	1	0	0	1	1	0	0	0	0	0	1	0	0	0	0	1	1	0	0	0	0	1	1	1	0	0	0	0	0	0	0	0	0	0	1	1	1	0	0	0	0	0	0	1	1	0	1	1	1	1	0	1	0	0	0	0	0	0	0	0	0	1	0	0	0	0	0	0	0	0	1	0	0	0	0	0	0	1	0	1	1	0	1	0	1	0	1	1
36	1	1	1	0	0	0	0	0	1	1	0	0	0	0	0	0	1	1	0	1	1	1	1	0	1	0	0	0	0	0	1	0	1	0	1	0	0	1	0	1	1	1	1	0	0	1	1	0	0	0	0	0	0	1	0	0	1	0	0	1	0	1	1	0	0	0	1	1	1	1	0	0	0	0	0	0	0	0	0	1	0	0	0	0	0	1	0	1	1	0	0	0	0	0	0	0	1	0	0	0
37	0	0	0	0	0	1	0	0	1	0	0	0	0	0	0	0	1	0	0	0	1	1	0	0	1	0	0	1	0	1	1	0	1	0	0	1	1	0	0	0	0	1	0	1	1	0	0	1	0	0	0	0	0	1	0	0	0	1	1	0	0	0	1	0	1	1	1	1	1	0	0	1	0	1	1	1	1	0	0	0	1	0	0	1	0	1	1	0	0	0	0	0	1	1	1	0	0	0	0	0
38	1	0	0	0	0	0	0	1	0	0	0	0	0	0	0	0	1	1	1	1	0	0	0	1	0	1	1	0	1	1	0	0	0	1	0	0	0	1	0	0	0	0	0	1	0	0	0	0	0	0	0	1	1	1	0	0	0	0	0	0	0	0	0	0	1	0	1	0	1	1	0	1	1	0	1	0	0	1	0	0	0	0	1	0	0	1	0	0	1	0	0	1	1	0	1	1	0	1	0	1
39	0	1	1	0	1	0	0	0	1	1	1	0	1	1	1	0	0	0	0	1	0	0	0	0	0	0	0	0	0	0	0	1	0	1	1	0	0	0	0	1	1	0	0	0	1	0	1	0	0	0	0	1	1	0	1	0	1	1	0	0	1	0	0	0	0	0	0	0	0	0	1	0	0	0	0	0	1	1	1	1	1	0	0	0	0	0	0	1	0	0	1	1	1	0	1	0	0	1	1	0
40	1	1	1	1	0	0	0	0	0	0	0	1	0	0	0	0	0	0	0	0	0	0	0	0	0	0	0	0	0	1	1	0	1	0	1	1	0	0	0	1	0	1	0	1	0	0	1	0	0	1	1	1	0	1	0	0	1	0	0	0	0	1	0	0	0	0	1	0	0	0	1	1	1	1	0	1	0	0	1	1	0	0	0	0	0	0	0	0	0	0	0	0	0	0	0	1	0	1	0	0
41	0	1	1	0	1	0	1	0	1	0	1	0	1	0	0	0	0	0	0	1	0	0	1	1	0	0	0	1	0	1	0	1	1	1	1	1	0	1	0	1	0	0	0	0	1	0	0	0	0	0	1	1	0	1	0	1	0	0	0	0	1	1	1	0	1	0	1	0	0	0	0	0	0	0	0	0	0	0	0	0	1	0	1	1	0	1	1	0	0	0	0	0	1	0	0	0	1	0	1	0
42	0	0	0	1	0	0	1	1	1	1	0	0	1	0	0	1	0	0	1	0	0	0	1	1	1	0	0	1	1	1	0	0	0	1	1	0	0	1	0	0	0	0	0	0	0	0	0	0	0	0	0	0	0	0	0	0	0	0	1	0	0	1	0	0	0	0	0	1	0	0	0	1	0	0	0	0	0	0	1	0	1	1	1	0	0	0	1	1	0	0	1	1	1	1	1	0	0	1	0	0
43	1	1	1	0	0	1	0	0	0	0	0	0	0	0	1	0	0	1	1	0	1	0	0	0	0	1	0	0	0	0	1	0	0	0	0	1	1	0	0	0	0	0	1	1	0	0	1	1	0	0	0	0	0	0	1	0	0	0	0	1	1	0	0	0	0	1	1	0	1	0	1	1	0	0	1	1	0	0	0	0	0	0	1	1	0	1	0	1	0	0	0	1	0	0	1	0	0	0	0	0
44	0	0	0	0	0	0	0	1	0	0	1	0	0	0	0	0	0	1	0	1	1	0	1	1	0	0	1	0	0	1	0	1	1	0	0	1	0	1	0	0	0	0	0	0	0	1	0	0	0	0	0	1	1	0	1	1	0	0	0	0	0	0	0	0	0	0	0	0	1	0	0	1	0	0	0	1	0	0	0	0	1	0	0	0	0	0	0	0	0	1	0	1	1	1	0	0	0	1	0	1
45	0	0	0	0	1	0	1	0	1	1	1	1	0	0	1	0	1	0	0	0	0	0	0	1	0	0	1	0	0	0	0	0	1	0	0	0	0	0	1	1	1	0	0	1	0	0	0	0	0	0	1	1	0	1	0	1	0	0	0	1	0	0	1	1	1	1	0	0	1	1	0	0	0	0	1	0	1	0	0	0	0	0	1	0	0	1	1	1	0	1	0	1	1	0	1	1	0	1	1	1
46	0	0	1	0	1	1	0	0	1	0	0	0	0	0	0	1	0	0	0	0	0	1	0	1	1	0	1	0	0	0	0	0	0	1	0	0	0	0	0	0	0	1	1	0	0	0	1	1	0	1	1	0	1	0	1	0	0	0	1	0	1	1	0	0	0	0	0	0	0	0	0	0	1	1	1	0	0	1	1	0	0	0	0	0	0	1	0	0	0	0	0	1	0	0	1	0	0	1	1	1
47	1	0	0	0	1	0	0	0	0	0	0	0	0	0	1	1	0	1	0	0	0	1	0	0	0	0	0	0	0	0	1	0	0	0	0	0	0	0	0	0	0	0	1	1	0	1	0	0	0	0	0	1	0	1	0	0	1	1	0	0	0	1	0	0	0	0	0	1	0	0	1	0	1	0	1	0	1	0	0	0	0	1	0	1	1	0	1	0	1	0	0	0	0	1	0	1	1	0	0	0
48	0	1	1	1	0	1	1	0	0	0	0	1	0	1	0	0	1	1	0	0	0	0	1	0	0	0	0	0	1	1	0	0	0	0	1	0	0	1	1	0	0	0	1	0	0	1	1	0	0	0	0	0	0	0	0	0	0	0	0	0	0	1	1	0	0	0	1	0	0	1	1	1	0	1	1	0	0	1	0	0	0	1	0	0	0	0	0	0	0	0	0	0	1	0	0	0	0	0	1	0
49	1	0	1	0	0	0	0	0	0	0	0	0	1	1	0	0	1	0	0	0	0	0	0	0	0	1	0	1	1	0	0	1	0	0	0	0	0	1	1	0	0	0	0	1	0	0	0	0	0	1	0	1	0	0	0	0	1	0	1	0	0	0	0	0	0	1	1	1	0	0	0	1	0	1	0	0	1	1	1	0	1	0	0	0	1	0	0	0	0	1	0	1	0	0	0	1	0	0	1	0
50	1	0	0	0	0	0	0	1	1	0	1	1	0	0	0	0	0	0	0	0	1	0	0	1	0	0	0	0	0	1	0	0	1	0	0	1	0	1	0	0	1	0	0	0	0	0	1	0	0	0	0	1	0	1	0	1	1	0	0	0	1	1	0	1	0	1	1	0	0	0	1	0	0	0	0	1	1	1	0	0	0	0	0	1	0	0	0	0	1	0	1	1	1	1	1	1	0	1	0	0
51	1	0	0	1	0	0	0	0	1	1	0	0	0	0	0	0	0	0	0	0	0	1	0	0	0	1	0	0	1	0	0	0	0	0	0	1	0	0	0	0	0	1	0	0	1	0	0	0	1	0	1	0	0	1	1	0	0	0	0	0	0	1	1	0	1	1	0	0	1	1	1	0	0	1	0	1	1	0	1	0	0	0	0	0	1	1	1	0	1	1	0	0	0	0	1	0	0	1	1	0
52	1	0	0	0	0	0	1	0	0	0	1	0	0	1	1	0	0	1	0	1	0	1	0	0	0	0	0	1	0	1	0	0	0	1	0	1	0	0	1	0	0	1	0	1	0	1	1	0	1	1	0	1	0	0	0	0	1	0	1	0	0	0	1	1	1	0	0	0	0	0	0	0	0	1	1	1	1	0	0	0	1	0	1	0	1	1	0	0	0	0	1	0	0	0	1	0	1	1	0	0
53	1	0	1	0	0	0	0	1	0	0	0	0	0	1	1	1	0	1	1	0	0	1	0	0	0	0	0	0	1	0	0	0	0	1	1	1	0	1	1	0	0	1	1	1	1	1	0	0	1	0	0	1	0	0	0	0	0	1	0	1	0	0	0	0	1	1	0	0	0	1	0	0	1	1	1	1	0	1	0	1	0	1	0	1	0	1	0	1	0	1	0	1	0	1	0	1	0	1	0	0
54	0	0	0	0	0	1	0	1	1	0	1	1	0	0	0	1	0	0	0	1	0	0	0	1	0	0	0	0	0	1	1	0	0	0	0	1	1	0	1	1	0	1	0	0	0	0	0	0	1	0	0	1	0	0	0	0	0	0	0	0	0	1	0	0	0	0	1	1	0	1	1	0	1	0	0	0	1	0	0	1	0	0	0	0	1	0	0	0	0	1	0	0	0	0	0	1	1	0	1	1
55	0	1	0	0	1	1	1	1	0	0	1	1	0	0	0	1	0	0	1	0	0	1	0	0	0	0	0	0	0	0	0	0	0	1	0	0	0	1	1	1	0	0	0	1	1	0	1	0	0	0	0	0	0	1	0	0	1	0	1	0	0	1	0	1	0	0	1	0	0	0	1	0	1	0	0	0	0	0	0	0	1	1	1	1	0	0	0	0	1	0	1	0	0	0	0	1	0	0	0	0
56	0	0	1	0	0	0	1	0	0	1	0	0	0	1	1	0	0	0	1	0	0	0	0	1	0	1	0	0	1	1	0	0	0	0	0	0	0	0	0	0	1	0	0	0	0	0	0	1	0	1	0	0	0	1	1	0	0	0	0	0	0	1	1	0	0	0	0	1	0	0	1	1	1	1	1	0	0	1	1	0	1	1	0	1	0	0	1	0	1	1	0	0	1	1	1	0	1	0	0	0
57	1	0	1	1	1	1	0	1	0	1	0	0	0	0	0	1	0	1	0	0	0	0	0	0	1	1	0	0	0	1	1	0	0	1	0	0	0	1	1	0	0	0	0	0	1	1	1	0	0	1	0	0	0	0	1	0	0	1	0	1	1	1	1	0	0	1	0	0	0	0	0	0	0	0	1	1	0	1	1	0	0	0	0	0	0	0	0	0	0	1	1	0	1	1	0	1	1	1	1	1
58	1	0	1	0	0	0	0	1	1	1	0	0	1	0	1	0	1	0	0	0	0	0	1	1	0	1	0	0	1	0	1	0	0	1	0	0	1	0	1	0	0	0	1	0	0	0	0	0	0	0	0	0	1	0	0	0	1	0	0	0	1	1	1	0	0	1	1	0	0	1	0	0	0	1	1	0	1	1	1	0	0	1	0	0	0	0	0	0	0	1	0	0	1	0	0	1	0	1	0	1
59	0	0	1	1	0	0	1	1	0	0	0	0	0	1	1	0	1	0	1	0	1	0	0	0	0	0	0	1	1	1	0	1	1	0	0	0	1	1	0	0	0	0	1	0	1	1	0	0	1	1	0	0	0	0	0	1	0	0	0	1	0	0	0	1	1	1	1	0	0	0	0	1	0	0	1	0	0	0	0	0	0	1	1	0	0	0	1	0	0	0	0	0	0	1	1	1	1	0	0	0
60	1	0	0	1	0	0	1	0	1	0	0	1	0	0	0	0	1	0	0	0	0	0	0	0	0	0	0	0	0	0	1	0	0	0	1	0	0	0	1	0	0	0	0	1	0	0	0	0	0	1	0	0	1	0	1	1	0	1	0	0	0	1	0	1	1	1	1	1	0	0	1	0	1	0	1	1	0	0	0	0	0	0	0	0	1	0	1	1	0	1	0	1	0	0	0	0	0	0	0	0
61	0	1	0	0	0	0	1	0	0	1	0	1	0	0	0	1	0	0	0	1	1	0	1	0	0	0	1	0	0	1	0	0	0	0	0	0	1	1	0	0	0	0	0	0	0	0	0	0	0	0	0	0	0	0	0	0	1	1	1	1	0	0	1	0	0	1	0	0	0	0	0	0	0	1	0	1	0	0	0	0	0	0	0	1	1	1	0	1	0	0	1	0	0	0	1	1	0	1	0	0
62	0	0	0	0	0	1	0	0	1	0	0	1	0	0	0	0	0	1	0	0	0	0	0	0	1	1	0	0	0	0	1	0	0	0	0	1	1	0	0	0	1	0	1	0	1	1	1	1	0	0	0	0	1	0	0	0	0	1	0	0	1	0	0	0	0	0	0	1	0	1	0	0	0	1	0	0	1	0	1	0	0	0	0	1	0	0	0	0	1	1	0	0	0	1	0	0	0	0	0	0
63	0	0	0	0	0	0	1	0	1	0	0	0	0	0	1	1	1	0	1	0	0	1	0	0	1	0	1	0	1	0	0	0	0	1	1	0	0	1	0	0	1	0	0	0	0	1	0	1	0	0	1	1	0	0	0	1	0	0	1	0	1	0	1	1	0	1	1	0	1	1	0	0	0	0	0	0	0	1	0	0	1	0	1	0	1	0	1	1	1	0	1	0	0	0	0	0	0	0	1	0
64	0	0	0	1	0	0	0	0	1	0	0	0	0	1	1	0	1	0	0	0	1	0	1	0	0	0	0	0	1	0	0	1	1	0	1	1	1	0	0	1	0	0	0	0	0	0	0	0	1	0	0	0	1	0	0	1	0	0	1	0	1	0	1	1	0	0	0	0	1	0	1	0	0	1	0	0	0	1	0	0	0	0	0	0	1	0	0	1	1	0	0	0	0	1	0	0	0	1	0	0
65	0	0	0	0	1	0	1	0	1	0	0	0	0	1	0	1	1	0	0	1	0	0	0	1	0	0	1	0	0	0	0	1	0	0	0	0	0	0	1	0	0	1	0	1	0	0	1	1	0	0	0	1	1	1	0	0	0	0	1	0	1	1	0	0	1	1	0	0	1	0	1	0	0	0	1	0	0	0	1	1	0	0	1	1	1	1	0	0	0	0	0	1	0	0	0	1	0	1	0	0
66	0	1	1	0	0	0	0	0	0	0	1	1	1	0	0	0	1	0	1	1	1	1	0	1	0	1	1	0	1	0	0	0	0	0	1	1	0	0	0	0	0	1	1	1	1	0	0	1	0	1	1	1	0	1	0	0	0	0	0	0	0	1	0	1	0	0	0	0	0	1	0	1	1	0	0	0	1	0	0	1	1	0	1	0	1	1	1	0	0	1	0	0	0	1	1	0	0	0	0	0
67	0	0	1	0	1	1	1	0	1	0	0	0	0	1	0	1	0	0	1	0	0	0	1	0	0	0	1	0	0	0	0	1	0	0	1	1	0	0	1	0	1	0	1	1	0	0	0	1	0	0	0	0	0	1	0	0	1	0	0	0	0	0	0	0	1	0	0	0	0	1	1	1	0	0	0	1	0	0	0	0	1	1	0	1	0	1	0	1	0	0	0	0	0	1	1	0	0	0	1	0
68	0	0	1	1	1	0	1	0	0	0	0	0	0	0	0	0	0	1	1	0	0	1	0	0	0	1	1	0	0	0	0	0	0	1	0	0	0	0	0	0	0	0	0	0	0	0	0	0	0	1	0	0	0	0	0	0	0	0	0	0	0	1	1	0	0	0	1	0	0	0	1	0	1	1	0	0	1	1	1	1	1	0	0	0	1	1	0	1	0	0	0	1	0	1	0	0	0	0	0	0
69	1	0	1	0	0	1	0	1	1	0	1	0	1	0	1	0	1	1	0	0	0	0	0	1	1	1	0	1	0	1	1	0	0	0	0	0	0	1	0	0	0	1	0	0	0	0	0	0	0	1	0	1	1	1	1	0	0	0	0	1	0	0	0	0	1	1	0	0	0	1	0	0	0	1	0	0	1	0	0	0	0	0	0	1	0	0	0	0	0	0	0	0	1	0	0	1	0	0	0	0
70	0	0	0	0	0	1	0	1	0	0	1	0	0	0	1	0	0	0	1	1	1	1	0	1	0	1	1	1	0	0	0	1	0	0	0	0	0	0	0	1	0	0	0	1	0	0	0	0	0	0	0	0	1	0	0	1	0	1	0	1	0	0	1	1	0	0	1	0	0	1	0	1	0	0	0	1	1	0	0	0	1	0	0	0	1	1	1	0	0	0	1	1	0	0	0	1	1	1	0	1
71	1	0	0	0	0	0	0	0	0	1	0	0	0	1	1	1	0	0	1	0	1	0	0	0	1	0	0	0	0	0	1	1	1	1	1	0	1	1	0	0	0	1	0	1	0	0	0	1	0	0	0	0	0	0	1	0	0	1	0	0	1	0	0	1	0	0	0	0	0	1	0	1	0	0	1	0	0	1	0	0	1	0	1	1	0	0	1	0	0	1	0	0	0	1	1	0	0	1	1	0
72	0	0	0	0	1	1	1	1	0	0	0	1	0	0	0	1	0	0	0	0	0	0	0	0	1	1	1	0	0	0	0	1	0	0	1	0	1	1	0	1	0	0	0	0	0	0	0	0	1	1	0	0	1	0	1	0	0	1	0	0	0	0	0	1	0	0	0	0	0	0	0	0	0	1	0	1	1	0	1	1	0	0	0	1	0	0	0	0	0	0	1	1	0	1	0	1	0	1	0	1
73	0	0	1	0	1	0	0	0	0	0	0	0	1	0	0	1	0	0	0	1	0	1	0	0	1	1	0	0	1	0	1	0	1	1	1	0	1	0	0	0	0	1	0	1	0	0	0	0	0	0	0	0	0	0	1	0	0	1	1	1	0	1	0	0	1	0	0	1	0	0	1	0	0	1	0	0	0	1	1	0	1	0	0	1	0	1	1	1	0	0	0	0	0	0	0	1	1	1	0	1
74	0	1	1	1	1	0	0	0	0	0	1	0	0	0	0	0	1	0	1	0	1	0	0	1	0	1	1	0	0	0	1	0	1	0	1	0	1	1	0	0	0	1	0	0	0	0	1	1	0	0	0	0	0	0	0	0	0	0	0	0	0	0	0	0	0	1	0	0	1	0	0	0	0	0	0	0	0	0	0	0	0	0	1	0	0	1	0	0	0	0	0	0	0	1	0	0	0	0	0	1
75	1	0	0	0	0	1	0	0	0	0	1	0	0	0	0	0	1	0	0	1	0	0	0	0	1	0	1	1	0	1	0	1	0	1	1	0	0	0	0	1	0	1	0	1	0	1	0	1	1	1	0	0	1	1	0	0	1	1	0	1	0	1	1	1	1	0	0	0	0	0	1	0	1	0	0	0	0	0	0	1	0	1	0	0	0	0	0	0	0	0	1	1	0	0	1	0	0	1	1	1
76	1	0	0	1	0	0	0	0	1	0	1	0	1	1	1	0	1	1	0	0	0	0	0	1	0	0	0	0	0	0	0	0	0	0	0	1	0	0	0	1	0	1	0	0	0	0	0	1	0	0	0	0	1	1	0	0	1	1	0	1	0	1	0	0	1	1	1	0	0	0	1	1	0	0	1	0	0	0	0	0	1	0	0	0	0	0	0	1	0	0	0	0	1	0	0	1	0	1	0	1
77	0	0	0	1	0	0	0	0	0	0	1	0	0	1	0	1	0	0	0	1	0	0	1	1	1	0	0	0	1	1	1	1	0	1	0	0	1	0	1	0	0	0	0	0	0	0	0	0	0	0	1	1	0	0	0	0	1	0	0	0	1	0	0	0	0	0	0	0	0	0	0	0	0	0	0	1	1	0	0	1	0	0	1	0	0	0	1	1	0	0	0	0	0	0	1	0	0	0	0	1
78	1	0	0	0	1	1	1	1	0	0	0	1	0	0	0	0	0	1	0	1	0	1	0	0	0	1	1	0	0	0	1	0	1	1	0	0	1	0	0	1	0	0	1	0	0	0	1	0	0	1	1	1	1	0	0	0	0	0	0	0	0	0	0	0	1	0	0	1	1	1	0	0	0	0	0	0	0	1	1	1	0	0	0	0	0	1	0	0	0	0	0	0	1	1	0	0	1	0	1	1
79	0	0	0	1	0	0	1	0	0	0	1	1	0	0	0	0	0	0	0	1	0	0	1	0	1	0	1	0	0	0	1	1	0	0	1	0	0	0	0	0	0	1	0	0	1	0	1	0	0	0	1	0	0	0	0	1	1	0	1	0	0	0	0	0	1	1	0	0	1	0	0	1	1	0	1	1	0	1	1	0	1	0	0	0	0	1	0	1	0	0	0	0	0	1	1	1	0	0	1	1
80	1	0	1	0	0	1	1	0	0	0	1	0	0	0	0	1	0	0	0	0	0	0	1	0	0	1	1	1	0	0	1	0	1	0	0	1	0	1	0	1	0	0	0	1	0	1	1	0	0	1	1	0	0	0	1	1	1	1	0	0	0	0	0	0	1	0	0	1	0	0	0	1	0	0	0	1	0	0	0	1	1	0	1	0	1	1	1	0	0	0	1	1	0	0	0	1	0	1	0	0
81	1	1	1	0	0	1	0	0	1	0	0	0	0	1	0	1	1	0	1	1	0	0	1	0	0	0	0	0	0	1	0	1	0	0	0	0	0	0	0	1	0	1	0	0	0	1	0	1	0	0	1	0	0	0	0	1	0	1	0	1	0	0	1	0	1	0	0	0	0	0	0	1	1	0	1	1	1	1	1	0	1	0	0	0	0	0	0	0	1	1	0	1	0	0	0	1	0	1	1	1
82	0	1	1	0	0	1	0	0	0	1	1	0	0	0	1	0	0	0	0	1	1	0	0	0	1	0	0	0	0	0	0	0	0	0	1	0	0	0	0	0	1	1	0	0	1	0	1	0	0	1	0	1	0	1	0	0	1	1	1	0	0	1	0	0	0	0	0	0	0	0	0	0	0	1	0	0	0	1	1	0	0	0	0	0	1	0	0	0	0	0	0	1	0	0	1	0	0	0	1	1
83	0	1	0	0	1	0	0	0	0	0	1	0	1	0	1	0	1	1	1	0	0	0	0	0	0	0	1	0	0	1	0	0	1	0	0	0	1	0	0	0	0	1	1	0	0	0	0	0	0	1	0	0	1	1	0	0	1	0	0	0	1	0	1	0	0	1	0	0	1	0	1	0	1	0	1	0	1	0	0	0	0	1	1	0	0	0	1	1	1	1	1	1	0	0	0	1	0	0	1	1
84	1	1	0	0	0	0	0	0	0	1	1	1	1	1	0	0	0	0	0	0	0	0	0	1	0	1	0	0	0	0	0	0	0	1	1	1	0	1	0	1	1	1	1	0	1	0	1	1	0	0	0	0	0	0	1	0	1	0	1	0	0	0	1	1	0	0	1	0	0	1	1	0	0	0	1	0	0	0	0	0	0	0	0	0	1	1	1	0	1	1	1	0	1	0	1	0	1	0	0	0
85	0	0	1	1	0	0	1	0	1	0	0	0	0	0	1	0	0	1	0	1	0	0	1	1	0	0	0	0	0	0	0	0	0	1	1	0	0	0	0	0	0	0	0	0	0	0	0	0	0	0	1	0	0	0	0	1	1	0	1	0	0	0	1	1	0	1	0	1	0	0	0	0	1	0	0	1	0	1	0	0	0	1	0	0	1	0	1	1	1	0	0	0	0	0	0	0	0	0	0	0
86	0	0	1	0	0	0	0	0	1	0	0	0	1	0	0	0	1	0	1	0	1	0	1	0	1	0	0	0	0	0	1	1	0	1	1	0	1	0	1	1	0	1	1	0	0	0	0	0	0	1	0	0	0	0	0	1	0	1	0	0	0	0	1	1	0	0	0	0	0	0	0	0	1	1	0	0	0	1	0	0	0	0	0	1	1	0	0	1	1	0	0	0	1	0	1	0	0	0	0	1
87	0	0	1	0	0	0	0	0	1	0	0	0	0	0	1	1	0	1	0	1	0	0	0	0	0	0	0	0	0	1	0	0	0	0	0	0	0	0	0	1	0	0	1	1	0	1	1	0	1	0	1	1	0	0	1	0	1	0	0	1	0	0	1	1	0	0	0	1	0	1	0	0	0	0	0	0	0	1	1	0	0	0	0	0	1	0	0	0	0	0	0	0	1	1	0	0	0	0	1	0
88	0	0	1	0	1	1	0	1	0	0	0	0	0	0	1	1	1	0	0	0	1	0	0	0	0	1	0	1	0	0	1	0	0	1	1	0	0	1	0	0	0	1	0	0	0	1	0	0	0	1	0	1	0	0	0	0	0	0	0	1	0	0	0	0	0	0	0	0	0	1	0	1	0	0	1	0	0	0	0	0	0	0	0	0	0	1	0	0	0	0	0	0	0	0	0	0	1	0	0	1
89	1	0	1	1	1	0	1	0	0	1	0	0	0	0	0	0	0	0	0	0	1	0	0	0	0	1	0	0	0	1	0	1	1	1	0	0	0	1	0	1	0	1	0	0	1	0	1	0	0	0	0	0	1	1	1	0	0	0	0	0	0	1	1	0	0	0	0	0	0	0	1	1	0	1	0	1	0	0	1	0	0	1	1	1	0	0	0	1	0	0	1	1	0	1	0	1	0	0	1	1
90	0	1	1	0	0	1	0	1	1	1	1	0	0	1	1	0	0	0	1	0	0	0	0	0	1	1	0	0	0	1	0	1	0	0	0	0	1	0	0	0	1	0	0	0	0	0	0	0	1	0	0	0	0	1	0	1	1	1	1	1	0	0	0	1	1	0	0	0	1	0	0	1	1	1	1	0	1	1	0	0	0	0	0	1	1	0	0	0	0	0	0	0	0	1	1	0	0	1	0	1
91	0	1	0	0	0	0	0	0	0	0	1	0	0	1	0	0	0	1	1	1	0	0	1	1	0	0	0	0	0	0	0	0	1	0	0	1	0	1	0	0	0	1	1	0	0	1	0	1	0	0	1	0	1	1	1	0	1	0	0	0	1	0	0	1	0	1	1	0	0	1	0	0	1	0	0	1	0	0	1	0	0	0	0	0	1	0	0	0	0	0	0	0	0	0	1	0	1	0	0	0
92	0	1	0	0	1	0	1	0	1	1	0	0	1	0	0	0	0	0	0	1	0	0	0	0	0	1	0	1	1	1	1	0	0	1	0	1	0	0	0	1	0	0	0	0	0	0	1	0	0	1	1	0	1	1	1	1	0	0	1	0	1	0	0	0	1	0	0	0	0	0	0	0	0	0	0	1	0	0	0	0	1	0	0	1	1	0	1	0	0	0	0	0	0	0	0	0	1	1	0	0
93	0	0	0	0	0	0	1	1	0	1	0	0	0	0	0	0	0	1	1	1	1	1	0	1	0	0	1	1	0	0	0	0	0	0	0	1	0	0	0	1	0	0	1	0	0	0	0	0	0	1	0	1	0	0	0	0	1	0	0	0	1	1	0	0	1	0	1	1	0	0	0	1	0	0	0	1	0	0	1	0	0	1	1	0	0	0	0	0	0	0	0	0	1	0	0	0	1	0	0	0
94	0	0	0	1	1	0	1	1	0	0	0	0	0	0	1	0	0	0	1	0	1	0	0	0	0	1	1	0	0	1	0	0	0	1	0	1	0	0	1	0	0	0	1	0	0	0	0	0	1	0	0	1	0	0	0	1	1	0	0	1	0	1	0	0	0	1	1	0	0	1	0	1	1	0	0	0	0	0	0	0	0	0	0	1	1	0	0	1	1	0	0	0	0	0	0	1	0	1	0	0
95	1	1	0	0	0	0	0	0	1	1	1	1	0	0	1	0	0	0	0	0	0	1	1	0	0	0	0	0	0	1	0	1	1	0	0	0	1	0	0	1	1	1	0	1	1	0	0	0	0	0	1	0	0	0	0	0	1	1	0	0	1	0	1	0	0	0	0	0	0	1	0	0	1	0	0	0	0	1	0	1	1	1	0	0	0	0	1	1	1	1	1	0	0	0	0	0	0	0	1	1
96	1	1	0	0	0	0	0	0	0	1	0	1	0	0	0	0	0	0	0	1	1	0	1	0	0	0	0	1	0	0	1	0	1	1	0	0	0	1	0	0	0	0	0	0	0	0	0	0	1	0	1	0	0	0	0	1	1	1	0	0	0	0	1	0	0	0	1	1	0	0	0	0	0	0	0	1	0	1	0	1	0	1	0	0	1	0	0	0	1	1	0	0	1	1	0	0	0	1	0	1
97	1	0	0	1	0	0	0	0	0	0	0	0	0	0	0	0	0	0	1	0	1	0	0	1	0	0	0	1	0	0	1	0	1	0	1	0	0	0	0	0	1	0	0	1	0	0	1	1	1	1	0	0	0	0	1	1	0	1	1	0	0	0	0	0	0	0	1	0	0	0	1	0	0	0	0	1	1	1	0	1	0	0	0	0	0	0	1	1	1	1	0	0	0	0	0	1	0	0	1	0
98	0	0	0	1	0	1	0	0	0	0	0	0	1	1	0	0	0	0	0	1	1	0	0	0	0	0	0	0	0	0	0	0	0	0	0	0	0	0	1	0	0	1	0	0	0	0	0	0	1	0	1	0	1	0	0	0	1	0	0	0	0	0	0	1	0	0	0	0	0	0	0	0	0	0	1	0	1	1	0	1	1	0	0	0	1	0	0	0	0	0	1	0	0	1	0	0	0	0	1	0
99	0	0	0	0	0	1	1	0	1	1	1	0	1	0	0	1	0	1	0	0	0	1	0	0	0	0	1	0	1	0	0	0	0	0	1	0	0	0	0	1	1	0	0	0	1	1	0	1	0	0	0	0	0	0	0	0	0	0	0	0	0	0	1	0	0	0	0	0	0	0	1	0	0	1	0	1	0	1	0	0	1	0	1	0	0	1	0	1	0	1	1	0	1	1	1	0	1	0	0	0
100	0	0	0	0	1	0	1	1	1	0	0	1	1	1	0	0	0	0	1	1	0	0	0	1	0	1	0	1	0	0	0	0	1	0	0	0	0	0	1	1	0	1	0	0	0	0	0	1	0	0	1	0	0	0	1	1	1	1	0	0	0	0	1	0	1	0	1	1	1	1	0	1	1	1	1	0	0	0	0	0	0	0	0	0	0	1	1	0	0	0	0	0	0	0	1	0	0	0	0	0